{"cameraMode":{"drawMode":0,"name":"Shaded","section":"Shading Mode"},"sceneLighting":true,"audioPlay":false,"sceneViewState":{"showFog":false,"showMaterialUpdate":false,"showSkybox":false,"showFlares":false,"showImageEffects":false,"showParticleSystems":false},"in2DMode":false,"pivot":{"x":-4.023013114929199,"y":-48.317649841308597,"z":55.27392578125},"rotation":{"x":0.3374783992767334,"y":-0.028234150260686876,"z":0.010127381421625615,"w":0.9408556818962097},"size":104.22044372558594,"orthographic":false}